{
  "project_info": {
    "project_number": "972370034780",
    "firebase_url": "https://esp8266-d6603.firebaseio.com",
    "project_id": "esp8266-d6603",
    "storage_bucket": "esp8266-d6603.appspot.com"
  },
  "client": [
    {
      "client_info": {
        "mobilesdk_app_id": "1:972370034780:android:0d270b2fc0e31be5fd2699",
        "android_client_info": {
          "package_name": "com.example.bikin"
        }
      },
      "oauth_client": [
        {
          "client_id": "972370034780-bdq4hkiuqebbij4ja3qu29rue6tiu25j.apps.googleusercontent.com",
          "client_type": 1,
          "android_info": {
            "package_name": "com.example.bikin",
            "certificate_hash": "005adbea1da991d4efa2bd8d72b0a4f65222df2d"
          }
        },
        {
          "client_id": "972370034780-21bcd71f69pbiagur7o6kaak6427u4a7.apps.googleusercontent.com",
          "client_type": 3
        }
      ],
      "api_key": [
        {
          "current_key": "AIzaSyA7_dpl1ZaWtmEk6GvPdppqYjGIv_uXPpw"
        }
      ],
      "services": {
        "appinvite_service": {
          "other_platform_oauth_client": [
            {
              "client_id": "972370034780-21bcd71f69pbiagur7o6kaak6427u4a7.apps.googleusercontent.com",
              "client_type": 3
            }
          ]
        }
      }
    },
    {
      "client_info": {
        "mobilesdk_app_id": "1:972370034780:android:752e486ef796a2d0fd2699",
        "android_client_info": {
          "package_name": "com.example.tugas"
        }
      },
      "oauth_client": [
        {
          "client_id": "972370034780-ffaq0r3hp8d8l44ni1msc73130jlq4qs.apps.googleusercontent.com",
          "client_type": 1,
          "android_info": {
            "package_name": "com.example.tugas",
            "certificate_hash": "005adbea1da991d4efa2bd8d72b0a4f65222df2d"
          }
        },
        {
          "client_id": "972370034780-21bcd71f69pbiagur7o6kaak6427u4a7.apps.googleusercontent.com",
          "client_type": 3
        }
      ],
      "api_key": [
        {
          "current_key": "AIzaSyA7_dpl1ZaWtmEk6GvPdppqYjGIv_uXPpw"
        }
      ],
      "services": {
        "appinvite_service": {
          "other_platform_oauth_client": [
            {
              "client_id": "972370034780-21bcd71f69pbiagur7o6kaak6427u4a7.apps.googleusercontent.com",
              "client_type": 3
            }
          ]
        }
      }
    }
  ],
  "configuration_version": "1"
}